{"cameraMode":{"drawMode":0,"name":"Shaded","section":"Shading Mode"},"sceneLighting":false,"audioPlay":false,"sceneViewState":{"showFog":true,"showMaterialUpdate":false,"showSkybox":false,"showFlares":true,"showImageEffects":true,"showParticleSystems":true},"in2DMode":false,"pivot":{"x":-22.865564346313478,"y":1.1124999523162842,"z":-5.009006977081299},"rotation":{"x":0.24628658592700959,"y":0.5043333768844605,"z":-0.15269914269447328,"w":0.8134329915046692},"size":5.407445430755615,"orthographic":false}